<?xml version="1.0" encoding="UTF-8"?>

<mule xmlns:json="http://www.mulesoft.org/schema/mule/json" xmlns="http://www.mulesoft.org/schema/mule/core"
	xmlns:doc="http://www.mulesoft.org/schema/mule/documentation"
	xmlns:spring="http://www.springframework.org/schema/beans" xmlns:xsi="http://www.w3.org/2001/XMLSchema-instance"
	xsi:schemaLocation="http://www.mulesoft.org/schema/mule/json http://www.mulesoft.org/schema/mule/json/current/mule-json.xsd
http://www.springframework.org/schema/beans http://www.springframework.org/schema/beans/spring-beans-current.xsd
http://www.mulesoft.org/schema/mule/core http://www.mulesoft.org/schema/mule/core/current/mule.xsd">

	<choice-exception-strategy name="MongoDB-Exception-Strategy">
		<catch-exception-strategy
			when="#[exception.causedBy(java.net.ConnectException)]" doc:name="Catch Exception Strategy">
			<flow-ref name="MongoDB-Exception-Sub-Flow" doc:name="Flow Reference"></flow-ref>
		</catch-exception-strategy>
		<catch-exception-strategy
			when="#[exception.causedBy(com.mongodb.MongoSecurityException)]"
			doc:name="Catch Connection Exception Strategy">
			<flow-ref name="MongoDB-Exception-Sub-Flow" doc:name="Flow Reference"></flow-ref>
		</catch-exception-strategy>
		<catch-exception-strategy doc:name="Catch Exception Strategy">
			<flow-ref name="MongoDB-Exception-Sub-Flow" doc:name="Flow Reference"/>
		</catch-exception-strategy>
	</choice-exception-strategy>

	<sub-flow name="MongoDB-Exception-Sub-Flow">
		<logger message="#[{'Unknow Exception: ' : exception.getMessage()}]"
			level="INFO" doc:name="Logger" />
		<set-payload value="#[{'Unknow Exception: ' : exception.getMessage()}]"
			doc:name="Set Payload" />
		<json:object-to-json-transformer
			doc:name="Object to JSON" />
	</sub-flow>
</mule>
